Experiment,Model,Test Accuracy (%),Precision (%),Recall (%),F1-Score (%),ROC-AUC
Exp 4: Tuned Base Model,Tuned LightGBM,94.4954128440367,96.875,86.11111111111111,91.17647058823529,0.9463470319634704
Exp 4: Tuned Base Model,Tuned XGBoost,93.57798165137615,93.93939393939394,86.11111111111111,89.85507246376811,0.941400304414003
Exp 4: Tuned Base Model,Extra Trees,93.57798165137615,93.93939393939394,86.11111111111111,89.85507246376811,0.9406392694063928
Exp 2: Domain Features (LH/FSH + TotFollicles),Soft Voting (XGB + MLP),92.66055045871559,91.17647058823529,86.11111111111111,88.57142857142857,0.9402587519025876
Exp 3: Resampling (ADASYN),Soft Voting (XGB + MLP),91.74311926605505,86.48648648648648,88.88888888888889,87.67123287671232,0.9429223744292237
Exp 5: Novel OOF Stacking Ensemble,Stacking (CB+LGB+XGB+ET+MLP -> LR),91.74311926605505,88.57142857142857,86.11111111111111,87.32394366197182,0.94558599695586
Exp 3: Resampling (Borderline-SMOTE),Soft Voting (XGB + MLP),91.74311926605505,86.48648648648648,88.88888888888889,87.67123287671232,0.9417808219178082
Exp 4: Tuned Base Model,Tuned CatBoost,91.74311926605505,86.48648648648648,88.88888888888889,87.67123287671232,0.9486301369863014
Exp 6: Weighted Quad-Ensemble,Weighted Soft Voting (CB + XGB + LGB + MLP),91.74311926605505,88.57142857142857,86.11111111111111,87.32394366197182,0.9474885844748858
Exp 1: Paper Baseline (Raw + Chi2/CB-RFE 16),Soft Voting (XGB + MLP),89.90825688073394,85.71428571428571,83.33333333333334,84.50704225352112,0.9452054794520548
Exp 4: Tuned Base Model,Regularized MLP,88.07339449541286,81.08108108108108,83.33333333333334,82.1917808219178,0.926179604261796
Exp 3: Resampling (SMOTE-ENN (Cleaning)),Soft Voting (XGB + MLP),87.1559633027523,76.19047619047619,88.88888888888889,82.05128205128204,0.9356925418569255
